epoch,phase,class_index,class_name,support,tp,fp,fn,tn,precision,recall,f1,average_precision,false_positive_rate,false_negative_rate
1,head_training,0,plastic,1220,1002,145,218,2129,0.87358,0.82131,0.84664,0.92619,0.06376,0.17869
1,head_training,1,paper,1429,1216,145,213,1920,0.89346,0.85094,0.87168,0.94568,0.07022,0.14906
1,head_training,2,metal,394,372,122,22,2978,0.75304,0.94416,0.83784,0.94616,0.03935,0.05584
1,head_training,3,organic_waste,340,335,7,5,3147,0.97953,0.98529,0.9824,0.99345,0.00222,0.01471
1,head_training,4,none,111,101,49,10,3334,0.67333,0.90991,0.77395,0.84709,0.01448,0.09009
2,head_training,0,plastic,1220,999,130,221,2144,0.88485,0.81885,0.85057,0.93961,0.05717,0.18115
2,head_training,1,paper,1429,1247,148,182,1917,0.89391,0.87264,0.88314,0.95721,0.07167,0.12736
2,head_training,2,metal,394,375,115,19,2985,0.76531,0.95178,0.84842,0.95866,0.0371,0.04822
2,head_training,3,organic_waste,340,338,4,2,3150,0.9883,0.99412,0.9912,0.99576,0.00127,0.00588
2,head_training,4,none,111,103,35,8,3348,0.74638,0.92793,0.82731,0.88144,0.01035,0.07207
3,head_training,0,plastic,1220,999,115,221,2159,0.89677,0.81885,0.85604,0.94699,0.05057,0.18115
3,head_training,1,paper,1429,1256,146,173,1919,0.89586,0.87894,0.88732,0.9609,0.0707,0.12106
3,head_training,2,metal,394,379,116,15,2984,0.76566,0.96193,0.85264,0.96415,0.03742,0.03807
3,head_training,3,organic_waste,340,338,6,2,3148,0.98256,0.99412,0.9883,0.99571,0.0019,0.00588
3,head_training,4,none,111,105,34,6,3349,0.7554,0.94595,0.84,0.89828,0.01005,0.05405
4,head_training,0,plastic,1220,1015,130,205,2144,0.88646,0.83197,0.85835,0.94709,0.05717,0.16803
4,head_training,1,paper,1429,1242,128,187,1937,0.90657,0.86914,0.88746,0.96306,0.06199,0.13086
4,head_training,2,metal,394,378,121,16,2979,0.75752,0.95939,0.84658,0.96379,0.03903,0.04061
4,head_training,3,organic_waste,340,338,6,2,3148,0.98256,0.99412,0.9883,0.99727,0.0019,0.00588
4,head_training,4,none,111,104,32,7,3351,0.76471,0.93694,0.84211,0.8956,0.00946,0.06306
5,head_training,0,plastic,1220,1035,125,185,2149,0.89224,0.84836,0.86975,0.94993,0.05497,0.15164
5,head_training,1,paper,1429,1263,139,166,1926,0.90086,0.88383,0.89226,0.96454,0.06731,0.11617
5,head_training,2,metal,394,375,88,19,3012,0.80994,0.95178,0.87515,0.96914,0.02839,0.04822
5,head_training,3,organic_waste,340,338,5,2,3149,0.98542,0.99412,0.98975,0.99785,0.00159,0.00588
5,head_training,4,none,111,102,24,9,3359,0.80952,0.91892,0.86076,0.91127,0.00709,0.08108
6,fine_tuning,0,plastic,1220,1075,97,145,2177,0.91724,0.88115,0.89883,0.96832,0.04266,0.11885
6,fine_tuning,1,paper,1429,1294,118,135,1947,0.91643,0.90553,0.91095,0.97613,0.05714,0.09447
6,fine_tuning,2,metal,394,379,59,15,3041,0.8653,0.96193,0.91106,0.98129,0.01903,0.03807
6,fine_tuning,3,organic_waste,340,339,4,1,3150,0.98834,0.99706,0.99268,0.99953,0.00127,0.00294
6,fine_tuning,4,none,111,106,23,5,3360,0.82171,0.95495,0.88333,0.95545,0.0068,0.04505
7,fine_tuning,0,plastic,1220,1079,60,141,2214,0.94732,0.88443,0.91479,0.97587,0.02639,0.11557
7,fine_tuning,1,paper,1429,1331,107,98,1958,0.92559,0.93142,0.9285,0.98079,0.05182,0.06858
7,fine_tuning,2,metal,394,387,63,7,3037,0.86,0.98223,0.91706,0.98556,0.02032,0.01777
7,fine_tuning,3,organic_waste,340,339,5,1,3149,0.98547,0.99706,0.99123,0.99978,0.00159,0.00294
7,fine_tuning,4,none,111,104,19,7,3364,0.84553,0.93694,0.88889,0.96439,0.00562,0.06306
8,fine_tuning,0,plastic,1220,1120,72,100,2202,0.9396,0.91803,0.92869,0.97936,0.03166,0.08197
8,fine_tuning,1,paper,1429,1330,83,99,1982,0.94126,0.93072,0.93596,0.98472,0.04019,0.06928
8,fine_tuning,2,metal,394,387,38,7,3062,0.91059,0.98223,0.94505,0.99073,0.01226,0.01777
8,fine_tuning,3,organic_waste,340,338,2,2,3152,0.99412,0.99412,0.99412,0.99988,0.00063,0.00588
8,fine_tuning,4,none,111,107,17,4,3366,0.8629,0.96396,0.91064,0.97272,0.00503,0.03604
9,fine_tuning,0,plastic,1220,1135,76,85,2198,0.93724,0.93033,0.93377,0.98311,0.03342,0.06967
9,fine_tuning,1,paper,1429,1331,76,98,1989,0.94598,0.93142,0.93865,0.98715,0.0368,0.06858
9,fine_tuning,2,metal,394,385,26,9,3074,0.93674,0.97716,0.95652,0.99141,0.00839,0.02284
9,fine_tuning,3,organic_waste,340,338,3,2,3151,0.9912,0.99412,0.99266,0.99987,0.00095,0.00588
9,fine_tuning,4,none,111,106,18,5,3365,0.85484,0.95495,0.90213,0.97119,0.00532,0.04505
10,fine_tuning,0,plastic,1220,1122,64,98,2210,0.94604,0.91967,0.93267,0.98269,0.02814,0.08033
10,fine_tuning,1,paper,1429,1356,88,73,1977,0.93906,0.94892,0.94396,0.98666,0.04262,0.05108
10,fine_tuning,2,metal,394,384,22,10,3078,0.94581,0.97462,0.96,0.99103,0.0071,0.02538
10,fine_tuning,3,organic_waste,340,338,3,2,3151,0.9912,0.99412,0.99266,0.99987,0.00095,0.00588
10,fine_tuning,4,none,111,105,12,6,3371,0.89744,0.94595,0.92105,0.97696,0.00355,0.05405
11,fine_tuning,0,plastic,1220,1157,83,63,2191,0.93306,0.94836,0.94065,0.98283,0.0365,0.05164
11,fine_tuning,1,paper,1429,1342,56,87,2009,0.95994,0.93912,0.94942,0.98873,0.02712,0.06088
11,fine_tuning,2,metal,394,383,18,11,3082,0.95511,0.97208,0.96352,0.99277,0.00581,0.02792
11,fine_tuning,3,organic_waste,340,338,2,2,3152,0.99412,0.99412,0.99412,0.99986,0.00063,0.00588
11,fine_tuning,4,none,111,105,10,6,3373,0.91304,0.94595,0.9292,0.97515,0.00296,0.05405
12,fine_tuning,0,plastic,1220,1148,77,72,2197,0.93714,0.94098,0.93906,0.98577,0.03386,0.05902
12,fine_tuning,1,paper,1429,1352,72,77,1993,0.94944,0.94612,0.94777,0.98942,0.03487,0.05388
12,fine_tuning,2,metal,394,380,9,14,3091,0.97686,0.96447,0.97063,0.99257,0.0029,0.03553
12,fine_tuning,3,organic_waste,340,338,2,2,3152,0.99412,0.99412,0.99412,0.99983,0.00063,0.00588
12,fine_tuning,4,none,111,106,10,5,3373,0.91379,0.95495,0.93392,0.97905,0.00296,0.04505
13,fine_tuning,0,plastic,1220,1144,68,76,2206,0.94389,0.9377,0.94079,0.98625,0.0299,0.0623
13,fine_tuning,1,paper,1429,1354,73,75,1992,0.94884,0.94752,0.94818,0.98985,0.03535,0.05248
13,fine_tuning,2,metal,394,383,18,11,3082,0.95511,0.97208,0.96352,0.99275,0.00581,0.02792
13,fine_tuning,3,organic_waste,340,338,1,2,3153,0.99705,0.99412,0.99558,0.99972,0.00032,0.00588
13,fine_tuning,4,none,111,106,9,5,3374,0.92174,0.95495,0.93805,0.98168,0.00266,0.04505
14,fine_tuning,0,plastic,1220,1151,71,69,2203,0.9419,0.94344,0.94267,0.98762,0.03122,0.05656
14,fine_tuning,1,paper,1429,1361,69,68,1996,0.95175,0.95241,0.95208,0.98975,0.03341,0.04759
14,fine_tuning,2,metal,394,382,9,12,3091,0.97698,0.96954,0.97325,0.99264,0.0029,0.03046
14,fine_tuning,3,organic_waste,340,338,0,2,3154,1.0,0.99412,0.99705,0.99988,0.0,0.00588
14,fine_tuning,4,none,111,104,9,7,3374,0.92035,0.93694,0.92857,0.9779,0.00266,0.06306
15,fine_tuning,0,plastic,1220,1150,65,70,2209,0.9465,0.94262,0.94456,0.98518,0.02858,0.05738
15,fine_tuning,1,paper,1429,1362,73,67,1992,0.94913,0.95311,0.95112,0.99001,0.03535,0.04689
15,fine_tuning,2,metal,394,384,12,10,3088,0.9697,0.97462,0.97215,0.99438,0.00387,0.02538
15,fine_tuning,3,organic_waste,340,338,0,2,3154,1.0,0.99412,0.99705,0.99981,0.0,0.00588
15,fine_tuning,4,none,111,101,9,10,3374,0.91818,0.90991,0.91403,0.98279,0.00266,0.09009
16,fine_tuning,0,plastic,1220,1168,81,52,2193,0.93515,0.95738,0.94613,0.98559,0.03562,0.04262
16,fine_tuning,1,paper,1429,1353,57,76,2008,0.95957,0.94682,0.95315,0.99056,0.0276,0.05318
16,fine_tuning,2,metal,394,378,7,16,3093,0.98182,0.95939,0.97047,0.99441,0.00226,0.04061
16,fine_tuning,3,organic_waste,340,338,0,2,3154,1.0,0.99412,0.99705,0.99985,0.0,0.00588
16,fine_tuning,4,none,111,102,10,9,3373,0.91071,0.91892,0.9148,0.98202,0.00296,0.08108
17,fine_tuning,0,plastic,1220,1159,53,61,2221,0.95627,0.95,0.95312,0.98724,0.02331,0.05
17,fine_tuning,1,paper,1429,1373,60,56,2005,0.95813,0.96081,0.95947,0.99096,0.02906,0.03919
17,fine_tuning,2,metal,394,384,8,10,3092,0.97959,0.97462,0.9771,0.99412,0.00258,0.02538
17,fine_tuning,3,organic_waste,340,338,0,2,3154,1.0,0.99412,0.99705,0.99982,0.0,0.00588
17,fine_tuning,4,none,111,108,11,3,3372,0.90756,0.97297,0.93913,0.97406,0.00325,0.02703
18,fine_tuning,0,plastic,1220,1176,73,44,2201,0.94155,0.96393,0.95261,0.9871,0.0321,0.03607
18,fine_tuning,1,paper,1429,1355,45,74,2020,0.96786,0.94822,0.95794,0.99089,0.02179,0.05178
18,fine_tuning,2,metal,394,382,9,12,3091,0.97698,0.96954,0.97325,0.99425,0.0029,0.03046
18,fine_tuning,3,organic_waste,340,339,1,1,3153,0.99706,0.99706,0.99706,0.99972,0.00032,0.00294
18,fine_tuning,4,none,111,104,10,7,3373,0.91228,0.93694,0.92444,0.98317,0.00296,0.06306
19,fine_tuning,0,plastic,1220,1168,79,52,2195,0.93665,0.95738,0.9469,0.98543,0.03474,0.04262
19,fine_tuning,1,paper,1429,1348,49,81,2016,0.96492,0.94332,0.954,0.99066,0.02373,0.05668
19,fine_tuning,2,metal,394,384,13,10,3087,0.96725,0.97462,0.97092,0.99505,0.00419,0.02538
19,fine_tuning,3,organic_waste,340,339,0,1,3154,1.0,0.99706,0.99853,0.99988,0.0,0.00294
19,fine_tuning,4,none,111,105,9,6,3374,0.92105,0.94595,0.93333,0.98368,0.00266,0.05405
20,fine_tuning,0,plastic,1220,1174,84,46,2190,0.93323,0.9623,0.94754,0.98529,0.03694,0.0377
20,fine_tuning,1,paper,1429,1347,46,82,2019,0.96698,0.94262,0.95464,0.99118,0.02228,0.05738
20,fine_tuning,2,metal,394,384,11,10,3089,0.97215,0.97462,0.97338,0.99425,0.00355,0.02538
20,fine_tuning,3,organic_waste,340,338,0,2,3154,1.0,0.99412,0.99705,0.99987,0.0,0.00588
20,fine_tuning,4,none,111,103,7,8,3376,0.93636,0.92793,0.93213,0.983,0.00207,0.07207
21,fine_tuning,0,plastic,1220,1153,53,67,2221,0.95605,0.94508,0.95054,0.98791,0.02331,0.05492
21,fine_tuning,1,paper,1429,1375,66,54,1999,0.9542,0.96221,0.95819,0.99091,0.03196,0.03779
21,fine_tuning,2,metal,394,385,13,9,3087,0.96734,0.97716,0.97222,0.99269,0.00419,0.02284
21,fine_tuning,3,organic_waste,340,338,0,2,3154,1.0,0.99412,0.99705,0.99905,0.0,0.00588
21,fine_tuning,4,none,111,104,7,7,3376,0.93694,0.93694,0.93694,0.98459,0.00207,0.06306
22,fine_tuning,0,plastic,1220,1166,60,54,2214,0.95106,0.95574,0.95339,0.98676,0.02639,0.04426
22,fine_tuning,1,paper,1429,1367,57,62,2008,0.95997,0.95661,0.95829,0.99103,0.0276,0.04339
22,fine_tuning,2,metal,394,386,11,8,3089,0.97229,0.9797,0.97598,0.99453,0.00355,0.0203
22,fine_tuning,3,organic_waste,340,338,0,2,3154,1.0,0.99412,0.99705,0.99907,0.0,0.00588
22,fine_tuning,4,none,111,102,7,9,3376,0.93578,0.91892,0.92727,0.98585,0.00207,0.08108
23,fine_tuning,0,plastic,1220,1168,69,52,2205,0.94422,0.95738,0.95075,0.98741,0.03034,0.04262
23,fine_tuning,1,paper,1429,1359,52,70,2013,0.96315,0.95101,0.95704,0.99191,0.02518,0.04899
23,fine_tuning,2,metal,394,386,11,8,3089,0.97229,0.9797,0.97598,0.9956,0.00355,0.0203
23,fine_tuning,3,organic_waste,340,338,0,2,3154,1.0,0.99412,0.99705,0.99984,0.0,0.00588
23,fine_tuning,4,none,111,104,7,7,3376,0.93694,0.93694,0.93694,0.98169,0.00207,0.06306
24,fine_tuning,0,plastic,1220,1162,54,58,2220,0.95559,0.95246,0.95402,0.98858,0.02375,0.04754
24,fine_tuning,1,paper,1429,1375,60,54,2005,0.95819,0.96221,0.9602,0.99081,0.02906,0.03779
24,fine_tuning,2,metal,394,385,8,9,3092,0.97964,0.97716,0.9784,0.9954,0.00258,0.02284
24,fine_tuning,3,organic_waste,340,338,0,2,3154,1.0,0.99412,0.99705,0.99955,0.0,0.00588
24,fine_tuning,4,none,111,103,9,8,3374,0.91964,0.92793,0.92377,0.98428,0.00266,0.07207
25,fine_tuning,0,plastic,1220,1176,73,44,2201,0.94155,0.96393,0.95261,0.98573,0.0321,0.03607
25,fine_tuning,1,paper,1429,1354,42,75,2023,0.96991,0.94752,0.95858,0.99208,0.02034,0.05248
25,fine_tuning,2,metal,394,385,13,9,3087,0.96734,0.97716,0.97222,0.99501,0.00419,0.02284
25,fine_tuning,3,organic_waste,340,339,0,1,3154,1.0,0.99706,0.99853,0.99994,0.0,0.00294
25,fine_tuning,4,none,111,104,8,7,3375,0.92857,0.93694,0.93274,0.98501,0.00236,0.06306
26,fine_tuning,0,plastic,1220,1165,53,55,2221,0.95649,0.95492,0.9557,0.98884,0.02331,0.04508
26,fine_tuning,1,paper,1429,1374,54,55,2011,0.96218,0.96151,0.96185,0.99219,0.02615,0.03849
26,fine_tuning,2,metal,394,385,13,9,3087,0.96734,0.97716,0.97222,0.99447,0.00419,0.02284
26,fine_tuning,3,organic_waste,340,339,0,1,3154,1.0,0.99706,0.99853,0.99988,0.0,0.00294
26,fine_tuning,4,none,111,103,8,8,3375,0.92793,0.92793,0.92793,0.97838,0.00236,0.07207
27,fine_tuning,0,plastic,1220,1170,55,50,2219,0.9551,0.95902,0.95706,0.98908,0.02419,0.04098
27,fine_tuning,1,paper,1429,1373,53,56,2012,0.96283,0.96081,0.96182,0.99166,0.02567,0.03919
27,fine_tuning,2,metal,394,385,8,9,3092,0.97964,0.97716,0.9784,0.99469,0.00258,0.02284
27,fine_tuning,3,organic_waste,340,339,0,1,3154,1.0,0.99706,0.99853,0.99995,0.0,0.00294
27,fine_tuning,4,none,111,103,8,8,3375,0.92793,0.92793,0.92793,0.98335,0.00236,0.07207
28,fine_tuning,0,plastic,1220,1156,50,64,2224,0.95854,0.94754,0.95301,0.98959,0.02199,0.05246
28,fine_tuning,1,paper,1429,1378,64,51,2001,0.95562,0.96431,0.95994,0.99215,0.03099,0.03569
28,fine_tuning,2,metal,394,386,8,8,3092,0.9797,0.9797,0.9797,0.99561,0.00258,0.0203
28,fine_tuning,3,organic_waste,340,339,0,1,3154,1.0,0.99706,0.99853,0.99988,0.0,0.00294
28,fine_tuning,4,none,111,104,9,7,3374,0.92035,0.93694,0.92857,0.98083,0.00266,0.06306
29,fine_tuning,0,plastic,1220,1175,62,45,2212,0.94988,0.96311,0.95645,0.98808,0.02726,0.03689
29,fine_tuning,1,paper,1429,1366,48,63,2017,0.96605,0.95591,0.96096,0.99126,0.02324,0.04409
29,fine_tuning,2,metal,394,386,8,8,3092,0.9797,0.9797,0.9797,0.99496,0.00258,0.0203
29,fine_tuning,3,organic_waste,340,339,0,1,3154,1.0,0.99706,0.99853,0.99983,0.0,0.00294
29,fine_tuning,4,none,111,102,8,9,3375,0.92727,0.91892,0.92308,0.98225,0.00236,0.08108
30,fine_tuning,0,plastic,1220,1176,69,44,2205,0.94458,0.96393,0.95416,0.98812,0.03034,0.03607
30,fine_tuning,1,paper,1429,1359,47,70,2018,0.96657,0.95101,0.95873,0.9923,0.02276,0.04899
30,fine_tuning,2,metal,394,386,7,8,3093,0.98219,0.9797,0.98094,0.9957,0.00226,0.0203
30,fine_tuning,3,organic_waste,340,339,0,1,3154,1.0,0.99706,0.99853,0.99977,0.0,0.00294
30,fine_tuning,4,none,111,103,8,8,3375,0.92793,0.92793,0.92793,0.98357,0.00236,0.07207
31,fine_tuning,0,plastic,1220,1164,52,56,2222,0.95724,0.9541,0.95567,0.98987,0.02287,0.0459
31,fine_tuning,1,paper,1429,1376,55,53,2010,0.96157,0.96291,0.96224,0.99089,0.02663,0.03709
31,fine_tuning,2,metal,394,386,12,8,3088,0.96985,0.9797,0.97475,0.99433,0.00387,0.0203
31,fine_tuning,3,organic_waste,340,339,0,1,3154,1.0,0.99706,0.99853,0.99971,0.0,0.00294
31,fine_tuning,4,none,111,102,8,9,3375,0.92727,0.91892,0.92308,0.98062,0.00236,0.08108
32,fine_tuning,0,plastic,1220,1153,48,67,2226,0.96003,0.94508,0.9525,0.98836,0.02111,0.05492
32,fine_tuning,1,paper,1429,1380,63,49,2002,0.95634,0.96571,0.961,0.9918,0.03051,0.03429
32,fine_tuning,2,metal,394,385,12,9,3088,0.96977,0.97716,0.97345,0.99592,0.00387,0.02284
32,fine_tuning,3,organic_waste,340,339,0,1,3154,1.0,0.99706,0.99853,0.99979,0.0,0.00294
32,fine_tuning,4,none,111,105,9,6,3374,0.92105,0.94595,0.93333,0.98347,0.00266,0.05405
33,fine_tuning,0,plastic,1220,1164,52,56,2222,0.95724,0.9541,0.95567,0.98654,0.02287,0.0459
33,fine_tuning,1,paper,1429,1376,52,53,2013,0.96359,0.96291,0.96325,0.99195,0.02518,0.03709
33,fine_tuning,2,metal,394,386,12,8,3088,0.96985,0.9797,0.97475,0.99619,0.00387,0.0203
33,fine_tuning,3,organic_waste,340,339,0,1,3154,1.0,0.99706,0.99853,0.99988,0.0,0.00294
33,fine_tuning,4,none,111,104,9,7,3374,0.92035,0.93694,0.92857,0.983,0.00266,0.06306
34,fine_tuning,0,plastic,1220,1170,68,50,2206,0.94507,0.95902,0.95199,0.98582,0.0299,0.04098
34,fine_tuning,1,paper,1429,1360,46,69,2019,0.96728,0.95171,0.95944,0.99249,0.02228,0.04829
34,fine_tuning,2,metal,394,386,13,8,3087,0.96742,0.9797,0.97352,0.99651,0.00419,0.0203
34,fine_tuning,3,organic_waste,340,339,0,1,3154,1.0,0.99706,0.99853,0.99995,0.0,0.00294
34,fine_tuning,4,none,111,104,8,7,3375,0.92857,0.93694,0.93274,0.9803,0.00236,0.06306
35,fine_tuning,0,plastic,1220,1167,61,53,2213,0.95033,0.95656,0.95343,0.98966,0.02682,0.04344
35,fine_tuning,1,paper,1429,1368,51,61,2014,0.96406,0.95731,0.96067,0.99223,0.0247,0.04269
35,fine_tuning,2,metal,394,384,13,10,3087,0.96725,0.97462,0.97092,0.99679,0.00419,0.02538
35,fine_tuning,3,organic_waste,340,339,0,1,3154,1.0,0.99706,0.99853,0.99992,0.0,0.00294
35,fine_tuning,4,none,111,104,7,7,3376,0.93694,0.93694,0.93694,0.98602,0.00207,0.06306
36,fine_tuning,0,plastic,1220,1169,49,51,2225,0.95977,0.9582,0.95898,0.98957,0.02155,0.0418
36,fine_tuning,1,paper,1429,1381,52,48,2013,0.96371,0.96641,0.96506,0.99191,0.02518,0.03359
36,fine_tuning,2,metal,394,385,10,9,3090,0.97468,0.97716,0.97592,0.99534,0.00323,0.02284
36,fine_tuning,3,organic_waste,340,339,0,1,3154,1.0,0.99706,0.99853,0.99978,0.0,0.00294
36,fine_tuning,4,none,111,102,7,9,3376,0.93578,0.91892,0.92727,0.98084,0.00207,0.08108
37,fine_tuning,0,plastic,1220,1163,61,57,2213,0.95016,0.95328,0.95172,0.9904,0.02682,0.04672
37,fine_tuning,1,paper,1429,1370,59,59,2006,0.95871,0.95871,0.95871,0.99286,0.02857,0.04129
37,fine_tuning,2,metal,394,384,10,10,3090,0.97462,0.97462,0.97462,0.99581,0.00323,0.02538
37,fine_tuning,3,organic_waste,340,338,0,2,3154,1.0,0.99412,0.99705,0.99958,0.0,0.00588
37,fine_tuning,4,none,111,102,7,9,3376,0.93578,0.91892,0.92727,0.98062,0.00207,0.08108
38,fine_tuning,0,plastic,1220,1168,52,52,2222,0.95738,0.95738,0.95738,0.99098,0.02287,0.04262
38,fine_tuning,1,paper,1429,1379,50,50,2015,0.96501,0.96501,0.96501,0.99287,0.02421,0.03499
38,fine_tuning,2,metal,394,382,10,12,3090,0.97449,0.96954,0.97201,0.99651,0.00323,0.03046
38,fine_tuning,3,organic_waste,340,339,0,1,3154,1.0,0.99706,0.99853,0.99983,0.0,0.00294
38,fine_tuning,4,none,111,104,10,7,3373,0.91228,0.93694,0.92444,0.98353,0.00296,0.06306
39,fine_tuning,0,plastic,1220,1176,73,44,2201,0.94155,0.96393,0.95261,0.99187,0.0321,0.03607
39,fine_tuning,1,paper,1429,1361,45,68,2020,0.96799,0.95241,0.96014,0.99206,0.02179,0.04759
39,fine_tuning,2,metal,394,381,7,13,3093,0.98196,0.96701,0.97442,0.99586,0.00226,0.03299
39,fine_tuning,3,organic_waste,340,338,0,2,3154,1.0,0.99412,0.99705,0.99983,0.0,0.00588
39,fine_tuning,4,none,111,104,9,7,3374,0.92035,0.93694,0.92857,0.9821,0.00266,0.06306
40,fine_tuning,0,plastic,1220,1167,51,53,2223,0.95813,0.95656,0.95734,0.99166,0.02243,0.04344
40,fine_tuning,1,paper,1429,1376,51,53,2014,0.96426,0.96291,0.96359,0.99141,0.0247,0.03709
40,fine_tuning,2,metal,394,386,12,8,3088,0.96985,0.9797,0.97475,0.9953,0.00387,0.0203
40,fine_tuning,3,organic_waste,340,338,0,2,3154,1.0,0.99412,0.99705,0.99949,0.0,0.00588
40,fine_tuning,4,none,111,103,10,8,3373,0.9115,0.92793,0.91964,0.98323,0.00296,0.07207
